-- MySQL dump 10.13  Distrib 5.7.17, for macos10.12 (x86_64)
--
-- Host: 127.0.0.1    Database: trivia
-- ------------------------------------------------------
-- Server version	5.7.18

/*!40101 SET @OLD_CHARACTER_SET_CLIENT=@@CHARACTER_SET_CLIENT */;
/*!40101 SET @OLD_CHARACTER_SET_RESULTS=@@CHARACTER_SET_RESULTS */;
/*!40101 SET @OLD_COLLATION_CONNECTION=@@COLLATION_CONNECTION */;
/*!40101 SET NAMES utf8 */;
/*!40103 SET @OLD_TIME_ZONE=@@TIME_ZONE */;
/*!40103 SET TIME_ZONE='+00:00' */;
/*!40014 SET @OLD_UNIQUE_CHECKS=@@UNIQUE_CHECKS, UNIQUE_CHECKS=0 */;
/*!40014 SET @OLD_FOREIGN_KEY_CHECKS=@@FOREIGN_KEY_CHECKS, FOREIGN_KEY_CHECKS=0 */;
/*!40101 SET @OLD_SQL_MODE=@@SQL_MODE, SQL_MODE='NO_AUTO_VALUE_ON_ZERO' */;
/*!40111 SET @OLD_SQL_NOTES=@@SQL_NOTES, SQL_NOTES=0 */;

--
-- Table structure for table `categories`
--

DROP TABLE IF EXISTS `categories`;
/*!40101 SET @saved_cs_client     = @@character_set_client */;
/*!40101 SET character_set_client = utf8 */;
CREATE TABLE `categories` (
  `id` int(11) NOT NULL AUTO_INCREMENT,
  `name` varchar(128) DEFAULT NULL,
  `created_at` datetime DEFAULT NULL,
  `updated_at` datetime DEFAULT NULL,
  PRIMARY KEY (`id`)
) ENGINE=InnoDB AUTO_INCREMENT=7 DEFAULT CHARSET=utf8;
/*!40101 SET character_set_client = @saved_cs_client */;

--
-- Dumping data for table `categories`
--

LOCK TABLES `categories` WRITE;
/*!40000 ALTER TABLE `categories` DISABLE KEYS */;
INSERT INTO `categories` VALUES (1,'Historia','2017-06-13 11:40:07','2017-06-13 11:40:07'),(2,'Ciencia','2017-06-13 11:40:07','2017-06-13 11:40:07'),(3,'Entrenenimiento','2017-06-13 11:40:07','2017-06-13 11:40:07'),(4,'Deporte','2017-06-13 11:40:07','2017-06-13 11:40:07'),(5,'Geografia','2017-06-15 09:51:23','2017-06-15 09:51:23'),(6,'Geografia','2017-06-15 09:52:55','2017-06-15 09:52:55');
/*!40000 ALTER TABLE `categories` ENABLE KEYS */;
UNLOCK TABLES;

--
-- Table structure for table `games`
--

DROP TABLE IF EXISTS `games`;
/*!40101 SET @saved_cs_client     = @@character_set_client */;
/*!40101 SET character_set_client = utf8 */;
CREATE TABLE `games` (
  `id` int(11) NOT NULL AUTO_INCREMENT,
  `user_id` int(11) DEFAULT NULL,
  `question_number` int(11) DEFAULT NULL,
  `in_progress` tinyint(1) DEFAULT NULL,
  `vs_mode` tinyint(1) DEFAULT NULL,
  `current_question_id` int(11) DEFAULT NULL,
  `current_question_state` tinyint(1) DEFAULT NULL,
  `corrects` int(11) DEFAULT NULL,
  `incorrects` int(11) DEFAULT NULL,
  `created_at` datetime DEFAULT NULL,
  `updated_at` datetime DEFAULT NULL,
  PRIMARY KEY (`id`)
) ENGINE=InnoDB AUTO_INCREMENT=227 DEFAULT CHARSET=utf8;
/*!40101 SET character_set_client = @saved_cs_client */;

--
-- Dumping data for table `games`
--

LOCK TABLES `games` WRITE;
/*!40000 ALTER TABLE `games` DISABLE KEYS */;
INSERT INTO `games` VALUES (1,1,5,0,0,68,1,4,1,'2017-09-05 18:59:31','2017-09-12 07:51:59'),(2,1,5,0,0,1,1,1,4,'2017-09-12 07:51:59','2017-09-14 18:23:59'),(3,2,5,0,0,55,1,2,3,'2017-09-12 11:07:14','2017-09-12 11:07:54'),(4,2,5,0,0,1,1,4,1,'2017-09-12 11:07:54','2017-09-12 11:08:30'),(5,2,5,0,0,34,1,3,2,'2017-09-12 11:08:30','2017-09-12 11:09:00'),(6,2,0,1,0,43,0,0,0,'2017-09-12 11:09:00','2017-11-16 09:02:48'),(7,1,5,0,0,31,1,2,3,'2017-09-14 18:23:59','2017-09-14 18:24:02'),(8,1,5,0,0,43,1,3,2,'2017-09-14 18:24:02','2017-09-14 18:24:03'),(9,1,5,0,0,23,1,1,4,'2017-09-14 18:24:03','2017-10-09 08:41:58'),(10,3,5,0,0,34,1,4,1,'2017-09-14 18:28:08','2017-09-14 18:32:07'),(11,3,5,0,0,55,1,1,4,'2017-09-14 18:32:07','2017-09-14 18:32:42'),(12,3,0,1,0,44,0,0,0,'2017-09-14 18:32:42','2017-09-14 18:32:42'),(13,1,5,0,0,50,1,0,5,'2017-10-09 08:41:58','2017-10-11 22:58:12'),(14,1,5,0,0,14,1,2,3,'2017-10-11 22:58:12','2017-10-17 12:29:30'),(15,1,5,0,0,33,1,0,5,'2017-10-17 12:29:30','2017-10-17 12:29:37'),(16,1,5,0,0,54,1,0,5,'2017-10-17 12:29:37','2017-10-26 14:00:49'),(17,2,0,1,0,47,0,0,0,'2017-10-19 14:50:30','2017-10-19 14:50:30'),(18,1,5,0,0,69,1,0,5,'2017-10-19 14:50:30','2017-11-02 15:03:05'),(19,2,0,1,0,7,0,0,0,'2017-10-19 14:52:10','2017-10-19 14:52:10'),(20,1,5,0,0,53,1,3,2,'2017-10-19 14:52:10','2017-11-13 09:28:54'),(21,1,1,1,0,44,0,0,1,'2017-10-19 14:58:31','2017-11-16 14:58:47'),(22,2,0,1,0,65,0,0,0,'2017-10-19 14:58:31','2017-10-19 14:58:31'),(23,1,0,1,0,63,0,0,0,'2017-10-19 15:01:30','2017-10-19 15:01:30'),(24,2,0,1,0,61,0,0,0,'2017-10-19 15:01:30','2017-10-19 15:01:30'),(25,2,0,1,0,69,0,0,0,'2017-10-19 16:02:52','2017-10-19 16:02:52'),(26,1,0,1,0,21,0,0,0,'2017-10-19 16:02:52','2017-10-19 16:02:52'),(27,2,0,1,0,39,0,0,0,'2017-10-19 19:08:11','2017-10-19 19:08:11'),(28,1,0,1,0,39,0,0,0,'2017-10-19 19:08:11','2017-10-19 19:08:11'),(29,4,0,1,NULL,51,0,0,0,'2017-11-16 16:31:55','2017-11-16 16:31:55'),(30,1,0,1,NULL,55,0,0,0,'2017-11-16 16:31:55','2017-11-16 16:31:55'),(31,4,0,1,NULL,43,0,0,0,'2017-11-16 16:33:35','2017-11-16 16:33:35'),(32,1,0,1,NULL,54,0,0,0,'2017-11-16 16:33:35','2017-11-16 16:33:35'),(33,4,0,1,NULL,23,0,0,0,'2017-11-16 16:33:39','2017-11-16 16:33:39'),(34,1,0,1,NULL,56,0,0,0,'2017-11-16 16:33:39','2017-11-16 16:33:39'),(35,4,0,1,NULL,8,0,0,0,'2017-11-16 16:34:11','2017-11-16 16:34:11'),(36,1,0,1,NULL,71,0,0,0,'2017-11-16 16:34:11','2017-11-16 16:34:11'),(37,4,0,1,NULL,9,0,0,0,'2017-11-16 16:34:12','2017-11-16 16:34:12'),(38,1,0,1,NULL,67,0,0,0,'2017-11-16 16:34:12','2017-11-16 16:34:12'),(39,4,0,1,NULL,23,0,0,0,'2017-11-16 16:34:12','2017-11-16 16:34:12'),(40,1,0,1,NULL,49,0,0,0,'2017-11-16 16:34:12','2017-11-16 16:34:12'),(41,4,0,1,NULL,69,0,0,0,'2017-11-16 16:37:31','2017-11-16 16:37:31'),(42,1,0,1,NULL,11,0,0,0,'2017-11-16 16:37:31','2017-11-16 16:37:31'),(43,4,0,1,NULL,59,0,0,0,'2017-11-16 20:17:09','2017-11-16 20:17:09'),(44,2,0,1,NULL,10,0,0,0,'2017-11-16 20:17:09','2017-11-16 20:17:09'),(45,4,0,1,NULL,16,0,0,0,'2017-11-16 20:22:19','2017-11-16 20:22:19'),(46,1,0,1,NULL,20,0,0,0,'2017-11-16 20:22:19','2017-11-16 20:22:19'),(47,2,0,1,NULL,62,0,0,0,'2017-11-16 20:52:43','2017-11-16 20:52:43'),(48,1,0,1,NULL,6,0,0,0,'2017-11-16 20:52:43','2017-11-16 20:52:43'),(49,2,0,1,NULL,31,0,0,0,'2017-11-16 20:56:44','2017-11-16 20:56:44'),(50,1,0,1,NULL,34,0,0,0,'2017-11-16 20:56:44','2017-11-16 20:56:44'),(51,2,0,1,NULL,33,0,0,0,'2017-11-16 20:57:58','2017-11-16 20:57:58'),(52,1,0,1,NULL,24,0,0,0,'2017-11-16 20:57:58','2017-11-16 20:57:58'),(53,2,0,1,NULL,11,0,0,0,'2017-11-16 21:01:17','2017-11-16 21:01:17'),(54,1,0,1,NULL,48,0,0,0,'2017-11-16 21:01:17','2017-11-16 21:01:17'),(55,1,0,1,NULL,3,0,0,0,'2017-11-16 21:18:32','2017-11-16 21:18:32'),(56,2,0,1,NULL,44,0,0,0,'2017-11-16 21:18:32','2017-11-16 21:18:32'),(57,2,0,1,NULL,16,0,0,0,'2017-11-16 21:26:54','2017-11-16 21:26:54'),(58,1,0,1,NULL,33,0,0,0,'2017-11-16 21:26:54','2017-11-16 21:26:54'),(59,2,0,1,NULL,70,0,0,0,'2017-11-16 21:26:56','2017-11-16 21:26:56'),(60,1,0,1,NULL,67,0,0,0,'2017-11-16 21:26:56','2017-11-16 21:26:56'),(61,2,0,1,NULL,27,0,0,0,'2017-11-17 07:24:16','2017-11-17 07:24:16'),(62,1,0,1,NULL,28,0,0,0,'2017-11-17 07:24:16','2017-11-17 07:24:16'),(63,2,0,1,NULL,36,0,0,0,'2017-11-17 07:26:13','2017-11-17 07:26:13'),(64,1,0,1,NULL,37,0,0,0,'2017-11-17 07:26:13','2017-11-17 07:26:13'),(65,2,0,1,NULL,58,0,0,0,'2017-11-17 07:33:45','2017-11-17 07:33:45'),(66,4,0,1,NULL,53,0,0,0,'2017-11-17 07:33:45','2017-11-17 07:33:45'),(67,2,0,1,NULL,36,0,0,0,'2017-11-17 07:38:24','2017-11-17 07:38:24'),(68,4,0,1,NULL,48,0,0,0,'2017-11-17 07:38:24','2017-11-17 07:38:24'),(69,2,0,1,NULL,52,0,0,0,'2017-11-17 07:44:04','2017-11-17 07:44:04'),(70,4,0,1,NULL,50,0,0,0,'2017-11-17 07:44:04','2017-11-17 07:44:04'),(71,2,0,1,NULL,60,0,0,0,'2017-11-17 07:47:41','2017-11-17 07:47:41'),(72,1,0,1,NULL,31,0,0,0,'2017-11-17 07:47:41','2017-11-17 07:47:41'),(73,2,0,1,NULL,46,0,0,0,'2017-11-17 07:49:25','2017-11-17 07:49:25'),(74,1,0,1,NULL,53,0,0,0,'2017-11-17 07:49:25','2017-11-17 07:49:25'),(75,4,0,1,NULL,25,0,0,0,'2017-11-17 07:50:53','2017-11-17 07:50:53'),(76,2,0,1,NULL,67,0,0,0,'2017-11-17 07:50:53','2017-11-17 07:50:53'),(77,4,0,1,NULL,62,0,0,0,'2017-11-17 07:54:02','2017-11-17 07:54:02'),(78,2,0,1,NULL,64,0,0,0,'2017-11-17 07:54:02','2017-11-17 07:54:02'),(79,1,0,1,NULL,69,0,0,0,'2017-11-17 08:09:02','2017-11-17 08:09:02'),(80,2,0,1,NULL,59,0,0,0,'2017-11-17 08:09:02','2017-11-17 08:09:02'),(81,2,0,1,NULL,49,0,0,0,'2017-11-17 08:19:13','2017-11-17 08:19:13'),(82,4,0,1,NULL,58,0,0,0,'2017-11-17 08:19:13','2017-11-17 08:19:13'),(83,1,0,1,NULL,66,0,0,0,'2017-11-17 09:47:03','2017-11-17 09:47:03'),(84,2,0,1,NULL,43,0,0,0,'2017-11-17 09:47:03','2017-11-17 09:47:03'),(85,1,0,1,NULL,5,0,0,0,'2017-11-17 09:52:10','2017-11-17 09:52:10'),(86,2,0,1,NULL,73,0,0,0,'2017-11-17 09:52:10','2017-11-17 09:52:10'),(87,1,0,1,NULL,15,0,0,0,'2017-11-17 09:54:40','2017-11-17 09:54:40'),(88,2,0,1,NULL,73,0,0,0,'2017-11-17 09:54:40','2017-11-17 09:54:40'),(89,1,0,1,NULL,2,0,0,0,'2017-11-17 09:56:03','2017-11-17 09:56:03'),(90,2,0,1,NULL,21,0,0,0,'2017-11-17 09:56:03','2017-11-17 09:56:03'),(91,1,0,1,NULL,38,0,0,0,'2017-11-17 09:57:15','2017-11-17 09:57:15'),(92,2,0,1,NULL,58,0,0,0,'2017-11-17 09:57:15','2017-11-17 09:57:15'),(93,4,0,1,NULL,44,0,0,0,'2017-11-17 10:01:40','2017-11-17 10:01:40'),(94,2,0,1,NULL,55,0,0,0,'2017-11-17 10:01:40','2017-11-17 10:01:40'),(95,4,0,1,NULL,12,0,0,0,'2017-11-17 10:03:36','2017-11-17 10:03:36'),(96,2,0,1,NULL,42,0,0,0,'2017-11-17 10:03:36','2017-11-17 10:03:36'),(97,4,0,1,NULL,57,0,0,0,'2017-11-17 10:05:54','2017-11-17 10:05:54'),(98,2,0,1,NULL,12,0,0,0,'2017-11-17 10:05:54','2017-11-17 10:05:54'),(99,4,0,1,NULL,60,0,0,0,'2017-11-17 10:08:09','2017-11-17 10:08:09'),(100,2,0,1,NULL,37,0,0,0,'2017-11-17 10:08:09','2017-11-17 10:08:09'),(101,4,0,1,NULL,6,0,0,0,'2017-11-17 10:14:03','2017-11-17 10:14:03'),(102,2,0,1,NULL,59,0,0,0,'2017-11-17 10:14:03','2017-11-17 10:14:03'),(103,4,0,1,NULL,26,0,0,0,'2017-11-17 10:20:13','2017-11-17 10:20:13'),(104,2,0,1,NULL,45,0,0,0,'2017-11-17 10:20:13','2017-11-17 10:20:13'),(105,2,0,1,NULL,46,0,0,0,'2017-11-17 10:34:59','2017-11-17 10:34:59'),(106,4,0,1,NULL,49,0,0,0,'2017-11-17 10:34:59','2017-11-17 10:34:59'),(107,2,0,1,NULL,51,0,0,0,'2017-11-17 10:38:04','2017-11-17 10:38:04'),(108,4,0,1,NULL,18,0,0,0,'2017-11-17 10:38:04','2017-11-17 10:38:04'),(109,4,0,1,NULL,5,0,0,0,'2017-11-17 10:44:24','2017-11-17 10:44:24'),(110,2,0,1,NULL,8,0,0,0,'2017-11-17 10:44:24','2017-11-17 10:44:24'),(111,4,0,1,NULL,51,0,0,0,'2017-11-17 10:47:38','2017-11-17 10:47:38'),(112,2,0,1,NULL,43,0,0,0,'2017-11-17 10:47:38','2017-11-17 10:47:38'),(113,4,0,1,NULL,60,0,0,0,'2017-11-17 10:50:00','2017-11-17 10:50:00'),(114,2,0,1,NULL,18,0,0,0,'2017-11-17 10:50:00','2017-11-17 10:50:00'),(115,4,0,1,NULL,49,0,0,0,'2017-11-17 10:55:15','2017-11-17 10:55:15'),(116,2,0,1,NULL,38,0,0,0,'2017-11-17 10:55:15','2017-11-17 10:55:15'),(117,2,0,1,NULL,32,0,0,0,'2017-11-17 11:00:01','2017-11-17 11:00:01'),(118,4,0,1,NULL,23,0,0,0,'2017-11-17 11:00:01','2017-11-17 11:00:01'),(119,4,0,1,NULL,45,0,0,0,'2017-11-17 11:09:00','2017-11-17 11:09:00'),(120,2,0,1,NULL,5,0,0,0,'2017-11-17 11:09:00','2017-11-17 11:09:00'),(121,2,0,1,NULL,16,0,0,0,'2017-11-17 11:12:11','2017-11-17 11:12:11'),(122,4,0,1,NULL,52,0,0,0,'2017-11-17 11:12:11','2017-11-17 11:12:11'),(123,2,0,1,NULL,58,0,0,0,'2017-11-17 11:17:12','2017-11-17 11:17:12'),(124,4,0,1,NULL,25,0,0,0,'2017-11-17 11:17:12','2017-11-17 11:17:12'),(125,2,0,1,NULL,29,1,0,1,'2017-11-17 11:30:27','2017-11-17 11:30:29'),(126,4,0,1,NULL,2,0,0,0,'2017-11-17 11:30:27','2017-11-17 11:30:27'),(127,4,0,1,NULL,37,1,0,1,'2017-11-17 11:32:50','2017-11-17 11:32:52'),(128,2,0,1,NULL,54,0,0,0,'2017-11-17 11:32:50','2017-11-17 11:32:50'),(129,2,0,1,NULL,64,1,1,0,'2017-11-17 11:36:46','2017-11-17 11:36:47'),(130,4,0,1,NULL,18,0,0,0,'2017-11-17 11:36:46','2017-11-17 11:36:46'),(131,4,0,1,NULL,2,1,0,1,'2017-11-17 11:41:07','2017-11-17 11:41:07'),(132,2,0,1,NULL,4,0,0,0,'2017-11-17 11:41:07','2017-11-17 11:41:07'),(133,4,0,1,NULL,59,1,0,1,'2017-11-17 11:44:32','2017-11-17 11:44:34'),(134,2,0,1,NULL,42,0,0,0,'2017-11-17 11:44:32','2017-11-17 11:44:32'),(135,4,0,1,NULL,33,1,1,0,'2017-11-17 11:48:34','2017-11-17 11:48:38'),(136,2,0,1,NULL,14,0,0,0,'2017-11-17 11:48:34','2017-11-17 11:48:34'),(137,2,0,1,NULL,59,1,0,1,'2017-11-17 11:58:26','2017-11-17 11:58:27'),(138,4,0,1,NULL,51,0,0,0,'2017-11-17 11:58:26','2017-11-17 11:58:26'),(139,4,0,1,NULL,41,1,0,1,'2017-11-17 12:14:54','2017-11-17 12:14:57'),(140,2,0,1,NULL,64,0,0,0,'2017-11-17 12:14:54','2017-11-17 12:14:54'),(141,4,0,1,NULL,59,1,0,1,'2017-11-17 12:16:05','2017-11-17 12:16:08'),(142,2,0,1,NULL,27,0,0,0,'2017-11-17 12:16:05','2017-11-17 12:16:05'),(143,4,0,1,NULL,32,1,0,1,'2017-11-17 12:20:26','2017-11-17 12:20:39'),(144,2,0,1,NULL,45,0,0,0,'2017-11-17 12:20:26','2017-11-17 12:20:26'),(145,2,0,1,NULL,24,1,0,1,'2017-11-17 12:50:12','2017-11-17 12:50:14'),(146,1,0,1,NULL,62,0,0,0,'2017-11-17 12:50:12','2017-11-17 12:50:12'),(147,2,0,1,NULL,21,1,1,0,'2017-11-17 12:52:22','2017-11-17 12:52:24'),(148,1,0,1,NULL,56,0,0,0,'2017-11-17 12:52:22','2017-11-17 12:52:22'),(149,4,0,1,NULL,31,1,0,1,'2017-11-17 12:55:25','2017-11-17 12:55:26'),(150,2,0,1,NULL,23,0,0,0,'2017-11-17 12:55:25','2017-11-17 12:55:25'),(151,2,0,1,NULL,9,1,1,0,'2017-11-17 16:18:50','2017-11-17 16:18:51'),(152,4,0,1,NULL,18,0,0,0,'2017-11-17 16:18:50','2017-11-17 16:18:50'),(153,2,0,1,NULL,39,1,1,0,'2017-11-17 16:26:47','2017-11-17 16:26:55'),(154,4,0,1,NULL,21,0,0,0,'2017-11-17 16:26:47','2017-11-17 16:26:47'),(155,4,0,1,NULL,3,0,0,0,'2017-11-17 16:37:23','2017-11-17 16:37:23'),(156,2,0,1,NULL,3,0,0,0,'2017-11-17 16:37:23','2017-11-17 16:37:23'),(157,4,0,1,NULL,17,0,0,0,'2017-11-17 16:39:28','2017-11-17 16:39:28'),(158,2,0,1,NULL,32,0,0,0,'2017-11-17 16:39:28','2017-11-17 16:39:28'),(159,2,0,1,NULL,69,1,1,0,'2017-11-17 16:46:11','2017-11-17 16:46:16'),(160,4,0,1,NULL,71,0,0,0,'2017-11-17 16:46:11','2017-11-17 16:46:11'),(161,2,0,1,NULL,55,1,0,1,'2017-11-17 16:50:08','2017-11-17 16:50:23'),(162,4,0,1,NULL,4,0,0,0,'2017-11-17 16:50:08','2017-11-17 16:50:08'),(163,2,0,1,NULL,22,1,1,0,'2017-11-17 16:51:26','2017-11-17 16:52:32'),(164,4,0,1,NULL,14,0,0,0,'2017-11-17 16:51:26','2017-11-17 16:51:26'),(165,4,0,1,NULL,40,1,1,0,'2017-11-17 17:09:21','2017-11-17 17:09:23'),(166,2,0,1,NULL,41,0,0,0,'2017-11-17 17:09:21','2017-11-17 17:09:21'),(167,2,0,1,NULL,66,1,0,1,'2017-11-17 17:19:34','2017-11-17 17:19:36'),(168,1,0,1,NULL,1,0,0,0,'2017-11-17 17:19:34','2017-11-17 17:19:34'),(169,2,0,1,NULL,62,1,1,0,'2017-11-17 17:21:36','2017-11-17 17:21:43'),(170,4,0,1,NULL,7,0,0,0,'2017-11-17 17:21:36','2017-11-17 17:21:36'),(171,4,0,1,NULL,46,1,0,1,'2017-11-17 17:27:30','2017-11-17 17:27:31'),(172,2,0,1,NULL,43,0,0,0,'2017-11-17 17:27:30','2017-11-17 17:27:30'),(173,4,0,1,NULL,36,1,1,0,'2017-11-17 17:32:18','2017-11-17 17:32:19'),(174,2,0,1,NULL,14,0,0,0,'2017-11-17 17:32:18','2017-11-17 17:32:18'),(175,2,0,1,NULL,8,1,0,1,'2017-11-17 17:41:58','2017-11-17 17:41:59'),(176,4,0,1,NULL,37,0,0,0,'2017-11-17 17:41:58','2017-11-17 17:41:58'),(177,4,0,1,NULL,11,1,1,0,'2017-11-17 17:45:26','2017-11-17 17:45:28'),(178,2,0,1,NULL,8,0,0,0,'2017-11-17 17:45:26','2017-11-17 17:45:26'),(179,2,0,1,NULL,2,1,0,1,'2017-11-17 17:47:58','2017-11-17 17:48:28'),(180,4,0,1,NULL,30,0,0,0,'2017-11-17 17:47:58','2017-11-17 17:47:58'),(181,4,0,1,NULL,68,1,0,1,'2017-11-17 18:05:08','2017-11-17 18:05:09'),(182,2,0,1,NULL,61,0,0,0,'2017-11-17 18:05:08','2017-11-17 18:05:08'),(183,4,0,1,NULL,62,1,0,1,'2017-11-17 18:06:49','2017-11-17 18:06:50'),(184,2,0,1,NULL,61,0,0,0,'2017-11-17 18:06:49','2017-11-17 18:06:49'),(185,4,0,1,NULL,25,1,1,0,'2017-11-17 18:10:27','2017-11-17 18:10:29'),(186,2,0,1,NULL,12,0,0,0,'2017-11-17 18:10:27','2017-11-17 18:10:27'),(187,4,0,1,NULL,13,1,1,0,'2017-11-17 18:14:12','2017-11-17 18:14:18'),(188,2,0,1,NULL,61,0,0,0,'2017-11-17 18:14:13','2017-11-17 18:14:13'),(189,4,0,1,NULL,28,1,0,1,'2017-11-17 20:14:36','2017-11-17 20:14:39'),(190,2,0,1,NULL,2,0,0,0,'2017-11-17 20:14:36','2017-11-17 20:14:36'),(191,4,0,1,NULL,3,1,1,0,'2017-11-17 20:24:06','2017-11-17 20:24:08'),(192,2,0,1,NULL,6,1,0,1,'2017-11-17 20:24:06','2017-11-17 20:24:13'),(193,4,0,1,NULL,50,1,1,0,'2017-11-17 20:24:40','2017-11-17 20:25:11'),(194,2,0,1,NULL,15,1,0,1,'2017-11-17 20:24:40','2017-11-17 20:25:16'),(195,4,0,1,NULL,8,1,0,1,'2017-11-17 20:27:08','2017-11-17 20:27:10'),(196,2,0,1,NULL,69,1,0,1,'2017-11-17 20:27:08','2017-11-17 20:27:12'),(197,4,0,1,NULL,14,1,0,1,'2017-11-17 20:27:17','2017-11-17 20:27:27'),(198,2,0,1,NULL,54,1,0,1,'2017-11-17 20:27:17','2017-11-17 20:27:34'),(199,4,0,1,NULL,45,1,1,0,'2017-11-17 20:28:43','2017-11-17 20:28:44'),(200,2,0,1,NULL,21,1,0,1,'2017-11-17 20:28:43','2017-11-17 20:28:47'),(201,2,0,1,NULL,63,1,0,1,'2017-11-17 20:37:45','2017-11-17 20:37:46'),(202,4,0,1,NULL,35,1,1,0,'2017-11-17 20:37:45','2017-11-17 20:37:58'),(203,4,0,1,NULL,28,1,0,1,'2017-11-17 20:44:25','2017-11-17 20:44:29'),(204,2,0,1,NULL,3,1,1,0,'2017-11-17 20:44:25','2017-11-17 20:46:53'),(205,4,0,1,NULL,41,1,0,1,'2017-11-17 20:49:46','2017-11-17 20:49:49'),(206,2,0,1,NULL,43,1,1,0,'2017-11-17 20:49:46','2017-11-17 20:50:06'),(207,2,0,1,NULL,34,1,0,1,'2017-11-17 20:50:29','2017-11-17 20:50:31'),(208,4,0,1,NULL,66,1,0,1,'2017-11-17 20:50:29','2017-11-17 20:50:47'),(209,2,0,1,NULL,1,1,1,0,'2017-11-17 20:50:51','2017-11-17 20:50:55'),(210,4,0,1,NULL,49,1,1,0,'2017-11-17 20:50:51','2017-11-17 20:51:01'),(211,4,0,1,NULL,7,1,1,0,'2017-11-17 20:58:24','2017-11-17 20:58:25'),(212,2,0,1,NULL,73,1,0,1,'2017-11-17 20:58:24','2017-11-17 20:58:34'),(213,4,0,1,NULL,36,1,0,1,'2017-11-17 21:02:04','2017-11-17 21:02:06'),(214,2,0,1,NULL,6,1,0,1,'2017-11-17 21:02:04','2017-11-17 21:02:30'),(215,2,0,1,NULL,57,1,0,1,'2017-11-17 21:05:41','2017-11-17 21:05:42'),(216,4,0,1,NULL,36,1,0,1,'2017-11-17 21:05:41','2017-11-17 21:05:43'),(217,2,0,1,NULL,2,1,0,1,'2017-11-18 06:54:46','2017-11-18 06:54:49'),(218,4,0,1,NULL,57,1,0,1,'2017-11-18 06:54:46','2017-11-18 06:54:55'),(219,2,0,1,NULL,12,1,0,1,'2017-11-18 07:38:49','2017-11-18 07:38:51'),(220,4,0,1,NULL,51,0,0,0,'2017-11-18 07:38:49','2017-11-18 07:38:49'),(221,2,0,1,NULL,24,1,1,0,'2017-11-18 07:42:16','2017-11-18 07:42:17'),(222,4,0,1,NULL,46,0,0,0,'2017-11-18 07:42:16','2017-11-18 07:42:16'),(223,4,0,1,NULL,70,1,0,1,'2017-11-18 07:44:13','2017-11-18 07:44:15'),(224,2,0,1,NULL,15,0,0,0,'2017-11-18 07:44:13','2017-11-18 07:44:13'),(225,4,0,1,NULL,43,1,0,1,'2017-11-18 07:46:34','2017-11-18 07:46:37'),(226,2,0,1,NULL,50,1,0,1,'2017-11-18 07:46:34','2017-11-18 07:46:40');
/*!40000 ALTER TABLE `games` ENABLE KEYS */;
UNLOCK TABLES;

--
-- Table structure for table `questions`
--

DROP TABLE IF EXISTS `questions`;
/*!40101 SET @saved_cs_client     = @@character_set_client */;
/*!40101 SET character_set_client = utf8 */;
CREATE TABLE `questions` (
  `id` int(11) NOT NULL AUTO_INCREMENT,
  `description` varchar(100) DEFAULT NULL,
  `a1` varchar(50) DEFAULT NULL,
  `a2` varchar(50) DEFAULT NULL,
  `a3` varchar(50) DEFAULT NULL,
  `a4` varchar(50) DEFAULT NULL,
  `category_id` int(11) DEFAULT NULL,
  `correct_a` int(11) DEFAULT NULL,
  `created_at` datetime DEFAULT NULL,
  `updated_at` datetime DEFAULT NULL,
  PRIMARY KEY (`id`)
) ENGINE=InnoDB AUTO_INCREMENT=74 DEFAULT CHARSET=utf8;
/*!40101 SET character_set_client = @saved_cs_client */;

--
-- Dumping data for table `questions`
--

LOCK TABLES `questions` WRITE;
/*!40000 ALTER TABLE `questions` DISABLE KEYS */;
INSERT INTO `questions` VALUES (1,'Quien fue el anterior presidente de Argentina?','Macri','Menem','Cristina','Marcelo Tinelli',1,3,'2017-06-13 11:40:07','2017-06-13 11:40:07'),(2,'¿Cuál es la rama mayoritaria del Islam?','Chiismo','Sunismo','Jariyismo','Sufismo',1,2,'2017-06-13 11:40:07','2017-06-13 11:40:07'),(3,'¿De que fue ministro Manuel Fraga durante el franquismo?','De interior','De economia','De informacion y turismo','Del ejercito',1,3,'2017-06-13 11:40:07','2017-06-13 11:40:07'),(4,'¿En que año tuvo lugar el ataque a Pearl Harbor?','1939','1940','1941','1942',1,3,'2017-06-13 11:40:07','2017-06-13 11:40:07'),(5,'¿Cual es la ciudad mas antigua de America Latina?','Caral','Valparaiso','Arequipa','La Paz',1,1,'2017-06-13 11:40:07','2017-06-13 11:40:07'),(6,'¿Con qué emperador estuvo casada Cleopatra?','Ptolomeo XIV','Julio Cesar','Marco Antonio','Todas son correctas',1,4,'2017-06-13 11:40:07','2017-06-13 11:40:07'),(7,'El Renacimiento marcó el inicio de la Edad...','Moderna','Antigüedad clasica','Contemporanea','Media',1,1,'2017-06-13 11:40:07','2017-06-13 11:40:07'),(8,'¿Que pais fue dirigido por Stalin?','Cuba','Alemania','Argentina','Union Sovietica',1,4,'2017-06-13 11:40:07','2017-06-13 11:40:07'),(9,'¿Que se celebra el 8 de Marzo?','Dia del trabajador','Dia del medio ambiente','Dia del niño','Dia de la mujer',1,4,'2017-06-13 11:40:07','2017-06-13 11:40:07'),(10,'¿Quién liberó a Argentina, Chile y Perú?','Manuel Belgrano','Simon Bolivar','Ernesto Che Guevara','Jose de San Martin',1,4,'2017-06-13 11:40:07','2017-06-13 11:40:07'),(11,'¿Donde surgio la filosofia?','Argentina','Egipto','Chile','Grecia',1,4,'2017-06-13 11:40:07','2017-06-13 11:40:07'),(12,'¿Quién gobernó Francia desde 1799 a 1815?','Adam Smith','Louis Bonaldgug','Peron','Napoleon Bonaparte',1,4,'2017-06-13 11:40:07','2017-06-13 11:40:07'),(13,'Cual de los siguientes numeros binarios representa el 10 decimal?','0000010','0001010','11111111','0001000',2,2,'2017-06-13 11:40:07','2017-06-13 11:40:07'),(14,'¿Cuál de las sisguientes enfermedades ataca al higado?','Hepatitis','Diabetes','Artrosis','Cifoescoliosis',2,1,'2017-06-13 11:40:07','2017-06-13 11:40:07'),(15,'¿Cómo tomarías la sustancia alucinógena natural llamada ayahuasca? ','Inhalada','Inyectada','Esnifada','Ingerida',2,4,'2017-06-13 11:40:07','2017-06-13 11:40:07'),(16,'¿Qué cambio de estado ocurre en la sublimación?','De solido a liquido','De solido a gaseoso','De gaseoso a liquido','De liquido a solido',2,2,'2017-06-13 11:40:07','2017-06-13 11:40:07'),(17,'¿De qué color es la sange de los peces?','Verde oscuro','Marron oscuro','Roja','Azul',2,3,'2017-06-13 11:40:07','2017-06-13 11:40:07'),(18,'¿Cuántas caras tiene un icosaedro?','20','16','8','24',2,1,'2017-06-13 11:40:07','2017-06-13 11:40:07'),(19,'¿Qué estudia la icitología?','Los insectos','DLas erupciones cutaneas','Las rocas','Los peces',2,4,'2017-06-13 11:40:07','2017-06-13 11:40:07'),(20,'¿Con qué otro nombre se conoce el ciclo del agua?','Ciclo natural','Ciclo hidroponico','Ciclo hidrologico','Ciclo acuoso',2,3,'2017-06-13 11:40:07','2017-06-13 11:40:07'),(21,'¿Cuántos rayos gamma hay en una neurona?','Uno','Dos','De dos a tres','Ninguno',2,4,'2017-06-13 11:40:07','2017-06-13 11:40:07'),(22,'¿Cómo se llama a los electrones que se encuentran en la última capa del átomo?','Isotopos','Iones','Electrones','Electrones de valencia',2,4,'2017-06-13 11:40:07','2017-06-13 11:40:07'),(23,'¿Cómo se llama el nivel más alto de la marea?','Pleamar','Bajamar','Repunte','Estacionario',2,1,'2017-06-13 11:40:07','2017-06-13 11:40:07'),(24,'¿Cómo se llama el incremento en el volumen,fluidez o frecuencia de las deposiciones?','Estreñimiento','Diverticulosis','Hemorroides','Diarrea',2,4,'2017-06-13 11:40:07','2017-06-13 11:40:07'),(25,'¿Cómo se mide la fuerza del viento en el mar?','Pies','Zancadas','Nudos','Kilometros por hora',2,3,'2017-06-13 11:40:07','2017-06-13 11:40:07'),(26,'Como le dicen a Macri?','Pato','Raro','Malo','Gatooooooo',3,4,'2017-06-13 11:40:07','2017-06-13 11:40:07'),(27,'¿Cómo se llamaba el personaje que interpretaba John Travolta en Grease?','Danny Puño','Danny Zuko','Danny Grease','Danny Chulo',3,2,'2017-06-13 11:40:07','2017-06-13 11:40:07'),(28,'¿En qué año se estrenó la película de Disney Pinocho?','1940','1950','1952','1946',3,1,'2017-06-13 11:40:07','2017-06-13 11:40:07'),(29,'¿Cuál es el verdadero nombre de Alejandro Sanz?','Alejandro Sánchez Pizarro','Alejandro Sánchez Gutiérrez','Alexander Santiago Seguiz','Alejandro Alberto Sanzón',3,1,'2017-06-13 11:40:07','2017-06-13 11:40:07'),(30,'¿Cómo se llama el protagonista de la saga Indiana Jones?','Jack Nicholson','Michael Fox','Harrison Ford','Robin Williams',3,3,'2017-06-13 11:40:07','2017-06-13 11:40:07'),(31,'¿Cuál de ellas es una cantante española?','Chenoa','Ariana Grande','Jennifer Lopez','Alaska',3,1,'2017-06-13 11:40:07','2017-06-13 11:40:07'),(32,'¿A quién se considera el Rey del Pop?','Justin Bieber','Michael Jackson','Zayn Malik','Zac Efron',3,2,'2017-06-13 11:40:07','2017-06-13 11:40:07'),(33,'¿Qué personaje del videojuego Mortal Kombat tiene poderes de hielo?','Scorpion','Reptile','Motaro','Sub-Zero',3,4,'2017-06-13 11:40:07','2017-06-13 11:40:07'),(34,'¿Cómo se llama el pájaro símbolo de los Juegos del Hambre?','Lechuza','Llamas','Paloma','Sinsajo',3,4,'2017-06-13 11:40:07','2017-06-13 11:40:07'),(35,'¿Cuántos colores tiene un cubo de Rubik clásico?','4','6','8','9',3,2,'2017-06-13 11:40:07','2017-06-13 11:40:07'),(36,'¿Cómo se llama el robot alcohólico de la serie \'Futurama\'?','Zoidberg','Vader','Bender','Hubert',3,3,'2017-06-13 11:40:07','2017-06-13 11:40:07'),(37,'¿Cómo se llama el payaso de \'Los Simpson\'?','Kurty','Krusty','Kroger','Blaquito',3,2,'2017-06-13 11:40:07','2017-06-13 11:40:07'),(38,'Por cuantos goles le ganaria River a Boca si jugaran hoy?','1-0','2-0','4-0','Boca no asistiria',4,4,'2017-06-13 11:40:07','2017-06-13 11:40:07'),(39,'¿De que deporte es el kemari uno de los principales antecesores?','Futbol','Tenis','Rugby','Karate',4,1,'2017-06-13 11:40:07','2017-06-13 11:40:07'),(40,'¿Cuántas finales del mundo jugó la Selección Argentina de fútbol?','Cinco','Seis','Cuatro','Tres',4,3,'2017-06-13 11:40:07','2017-06-13 11:40:07'),(41,'¿Cuál es el estilo de natación más rápido?','Crol','Espalda','Mariposa','Pecho',4,1,'2017-06-13 11:40:07','2017-06-13 11:40:07'),(42,'¿Cuántos jugadores componen un equipo de rugby?','11','12','15','21',4,3,'2017-06-13 11:40:07','2017-06-13 11:40:07'),(43,'¿Quién inventó el arte marcial llamado Jeet Kune Do?','David Carradine','Bruce Lee','Kato Mimoko','Ninguna es correcta',4,2,'2017-06-13 11:40:07','2017-06-13 11:40:07'),(44,'¿De qué color es el cero en el cilindro de la ruleta?','Blanco','Negro','Rojo','Verde',4,4,'2017-06-13 11:40:07','2017-06-13 11:40:07'),(45,'¿Cuánto dura un partido de fútbol?','80 minutos','50 minutos','90 minutos','75 minutos',4,3,'2017-06-13 11:40:07','2017-06-13 11:40:07'),(46,'¿Cuál de estos pilotos no es de F1?','Richard Petty','Fernando Alonso','Sebastian Vettel','Mark Webber',4,1,'2017-06-13 11:40:07','2017-06-13 11:40:07'),(47,'¿En cuál de estos deportes no hay árbitro?','Football','Ultimate','Basketball','Volleyball',4,2,'2017-06-13 11:40:07','2017-06-13 11:40:07'),(48,'¿En cuántos mundiales de fútbol participó la selección de Canadá?','0','3','1','5',4,3,'2017-06-13 11:40:07','2017-06-13 11:40:07'),(49,'¿Cuántos cuadros tiene un tablero de ajedres?','36','54','64','81',4,3,'2017-06-13 11:40:07','2017-06-13 11:40:07'),(50,'¿Cual es el pais menos turistico de Europa?','Armenia','Moldavia','Lichtenstein','Hungria',5,3,'2017-06-15 09:51:23','2017-06-15 09:51:23'),(51,'¿A que pais pertenece la isla de Tasmania?','Estados Unidos','Australia','Portugal','Ninguna es correcta',5,2,'2017-06-15 09:51:23','2017-06-15 09:51:23'),(52,'¿En cuál de los siguientes países NO hay ningún desierto?','España','Chile','Mongolia','Alemania',5,4,'2017-06-15 09:51:23','2017-06-15 09:51:23'),(53,'¿Cuál es el código internacional para Chile?','CH','CI','CL','CE',5,3,'2017-06-15 09:51:23','2017-06-15 09:51:23'),(54,'¿En qué país situarías la ciudad de Cali?','Colombia','Venezuela','Costa Rica','Chile',5,1,'2017-06-15 09:51:23','2017-06-15 09:51:23'),(55,'¿Cuál de estas características no pertenece al clima Mediterráneo?','Veranos secos y calurosos','Es un tipo de clima templado','Lluvias muy abundantes','Variables temperaturas en primavera',5,3,'2017-06-15 09:51:23','2017-06-15 09:51:23'),(56,'¿Qué es el Cabo de Creus?','El punto más oriental de España','El punto más oriental de la Península','El punto más oriental de Cataluña','Ninguna es correcta',5,2,'2017-06-15 09:51:23','2017-06-15 09:51:23'),(57,'¿Cuál es principal celebración holandesa?','Navidad','La llegada del verano','El dia de la Reina','Halloween',5,3,'2017-06-15 09:51:23','2017-06-15 09:51:23'),(58,'¿Cuál de las siguientes especialidades NO es típica de la cocina estadounidense?','La hamburguesa','El pastel de cangrejo','La tarta de manzana','Todas son tipicas',5,4,'2017-06-15 09:51:23','2017-06-15 09:51:23'),(59,'¿Con cuántos países limita Argentina?','Tres','Cuatro','Cinco','Seis',5,3,'2017-06-15 09:51:23','2017-06-15 09:51:23'),(60,'¿Cuál es la capital de Suiza?','Berna','Zurich','Ginebra','Basilea',5,1,'2017-06-15 09:51:23','2017-06-15 09:51:23'),(61,'¿Cuál de las siguientes islas está más al sur?','Sicilia','Malta','Córcega','Cerdeña',5,2,'2017-06-15 09:51:23','2017-06-15 09:51:23'),(62,'¿Cual es el pais menos turistico de Europa?','Armenia','Moldavia','Lichtenstein','Hungria',6,3,'2017-06-15 09:52:55','2017-06-15 09:52:55'),(63,'¿A que pais pertenece la isla de Tasmania?','Estados Unidos','Australia','Portugal','Ninguna es correcta',6,2,'2017-06-15 09:52:55','2017-06-15 09:52:55'),(64,'¿En cuál de los siguientes países NO hay ningún desierto?','España','Chile','Mongolia','Alemania',6,4,'2017-06-15 09:52:55','2017-06-15 09:52:55'),(65,'¿Cuál es el código internacional para Chile?','CH','CI','CL','CE',6,3,'2017-06-15 09:52:55','2017-06-15 09:52:55'),(66,'¿En qué país situarías la ciudad de Cali?','Colombia','Venezuela','Costa Rica','Chile',6,1,'2017-06-15 09:52:55','2017-06-15 09:52:55'),(67,'¿Cuál de estas características no pertenece al clima Mediterráneo?','Veranos secos y calurosos','Es un tipo de clima templado','Lluvias muy abundantes','Variables temperaturas en primavera',6,3,'2017-06-15 09:52:55','2017-06-15 09:52:55'),(68,'¿Qué es el Cabo de Creus?','El punto más oriental de España','El punto más oriental de la Península','El punto más oriental de Cataluña','Ninguna es correcta',6,2,'2017-06-15 09:52:55','2017-06-15 09:52:55'),(69,'¿Cuál es principal celebración holandesa?','Navidad','La llegada del verano','El dia de la Reina','Halloween',6,3,'2017-06-15 09:52:55','2017-06-15 09:52:55'),(70,'¿Cuál de las siguientes especialidades NO es típica de la cocina estadounidense?','La hamburguesa','El pastel de cangrejo','La tarta de manzana','Todas son tipicas',6,4,'2017-06-15 09:52:55','2017-06-15 09:52:55'),(71,'¿Con cuántos países limita Argentina?','Tres','Cuatro','Cinco','Seis',6,3,'2017-06-15 09:52:55','2017-06-15 09:52:55'),(72,'¿Cuál es la capital de Suiza?','Berna','Zurich','Ginebra','Basilea',6,1,'2017-06-15 09:52:55','2017-06-15 09:52:55'),(73,'¿Cuál de las siguientes islas está más al sur?','Sicilia','Malta','Córcega','Cerdeña',6,2,'2017-06-15 09:52:55','2017-06-15 09:52:55');
/*!40000 ALTER TABLE `questions` ENABLE KEYS */;
UNLOCK TABLES;

--
-- Table structure for table `schema_version`
--

DROP TABLE IF EXISTS `schema_version`;
/*!40101 SET @saved_cs_client     = @@character_set_client */;
/*!40101 SET character_set_client = utf8 */;
CREATE TABLE `schema_version` (
  `version` varchar(32) NOT NULL,
  `applied_on` timestamp NOT NULL DEFAULT CURRENT_TIMESTAMP ON UPDATE CURRENT_TIMESTAMP,
  `duration` int(11) NOT NULL,
  UNIQUE KEY `version` (`version`)
) ENGINE=InnoDB DEFAULT CHARSET=utf8;
/*!40101 SET character_set_client = @saved_cs_client */;

--
-- Dumping data for table `schema_version`
--

LOCK TABLES `schema_version` WRITE;
/*!40000 ALTER TABLE `schema_version` DISABLE KEYS */;
INSERT INTO `schema_version` VALUES ('20170407112621','2017-05-20 01:06:38',-16),('20170525003123','2017-05-25 03:37:57',-14),('20170525003847','2017-05-25 03:48:53',0),('20170525003906','2017-05-25 03:48:53',-1),('20170526102547','2017-05-26 13:37:57',-16),('20171018075546','2017-10-18 11:29:12',-16);
/*!40000 ALTER TABLE `schema_version` ENABLE KEYS */;
UNLOCK TABLES;

--
-- Table structure for table `users`
--

DROP TABLE IF EXISTS `users`;
/*!40101 SET @saved_cs_client     = @@character_set_client */;
/*!40101 SET character_set_client = utf8 */;
CREATE TABLE `users` (
  `id` int(11) NOT NULL AUTO_INCREMENT,
  `username` varchar(20) DEFAULT NULL,
  `password` varchar(100) DEFAULT NULL,
  `mail` varchar(30) DEFAULT NULL,
  `i_questions` int(11) DEFAULT NULL,
  `c_questions` int(11) DEFAULT NULL,
  `win_rate` double DEFAULT NULL,
  `acces_level` int(11) DEFAULT NULL,
  `created_at` datetime DEFAULT NULL,
  `updated_at` datetime DEFAULT NULL,
  PRIMARY KEY (`id`)
) ENGINE=InnoDB AUTO_INCREMENT=7 DEFAULT CHARSET=utf8;
/*!40101 SET character_set_client = @saved_cs_client */;

--
-- Dumping data for table `users`
--

LOCK TABLES `users` WRITE;
/*!40000 ALTER TABLE `users` DISABLE KEYS */;
INSERT INTO `users` VALUES (1,'gabriel','81dc9bdb52d04dc2036dbd8313ed055','gabriel@gmail.com',58,27,31,5,'2017-06-18 19:04:00','2017-11-13 09:29:09'),(2,'pepe','81dc9bdb52d04dc2036dbd8313ed055','pepe@gmail.com',26,20,43,0,'2017-09-12 11:07:07','2017-11-18 07:46:40'),(3,'santiago147','733d7be2196ff7efaf6913fc8bdcabf','sasa@gmail.com',5,5,50,0,'2017-09-14 18:27:45','2017-09-14 18:32:42'),(4,'gabriel2','81dc9bdb52d04dc2036dbd8313ed055','gabriel_ogh@outlook.com',21,12,36,0,'2017-10-11 22:35:39','2017-11-18 07:46:37'),(5,'gabriel3','81dc9bdb52d04dc2036dbd8313ed055','agujuarez97@hotmail.com.ar',0,0,0,0,'2017-10-12 18:12:15','2017-10-12 18:12:15'),(6,'juan','81dc9bdb52d04dc2036dbd8313ed055','juan@gmail.com',0,0,0,0,'2017-10-17 12:16:14','2017-10-17 12:16:14');
/*!40000 ALTER TABLE `users` ENABLE KEYS */;
UNLOCK TABLES;

--
-- Table structure for table `versusmodes`
--

DROP TABLE IF EXISTS `versusmodes`;
/*!40101 SET @saved_cs_client     = @@character_set_client */;
/*!40101 SET character_set_client = utf8 */;
CREATE TABLE `versusmodes` (
  `id` int(11) NOT NULL AUTO_INCREMENT,
  `game_p1_id` int(11) DEFAULT NULL,
  `game_p2_id` int(11) DEFAULT NULL,
  `p1_id` int(11) DEFAULT NULL,
  `p2_id` int(11) DEFAULT NULL,
  `turn` int(11) DEFAULT NULL,
  `question_number` int(11) DEFAULT NULL,
  `in_progress` tinyint(1) DEFAULT NULL,
  `created_at` datetime DEFAULT NULL,
  `updated_at` datetime DEFAULT NULL,
  PRIMARY KEY (`id`)
) ENGINE=InnoDB AUTO_INCREMENT=94 DEFAULT CHARSET=utf8;
/*!40101 SET character_set_client = @saved_cs_client */;

--
-- Dumping data for table `versusmodes`
--

LOCK TABLES `versusmodes` WRITE;
/*!40000 ALTER TABLE `versusmodes` DISABLE KEYS */;
INSERT INTO `versusmodes` VALUES (1,41,42,4,1,1,1,1,'2017-11-16 16:37:31','2017-11-16 16:37:31'),(2,43,44,4,2,1,1,1,'2017-11-16 20:17:09','2017-11-16 20:17:09'),(3,45,46,4,1,1,1,1,'2017-11-16 20:22:19','2017-11-16 20:22:19'),(4,47,48,2,1,1,1,1,'2017-11-16 20:52:43','2017-11-16 20:52:43'),(5,49,50,2,1,1,1,1,'2017-11-16 20:56:44','2017-11-16 20:56:44'),(6,51,52,2,1,1,1,1,'2017-11-16 20:57:58','2017-11-16 20:57:58'),(7,53,54,2,1,1,1,1,'2017-11-16 21:01:17','2017-11-16 21:01:17'),(8,55,56,1,2,1,1,1,'2017-11-16 21:18:32','2017-11-16 21:18:32'),(9,57,58,2,1,1,1,1,'2017-11-16 21:26:54','2017-11-16 21:26:54'),(10,59,60,2,1,1,1,1,'2017-11-16 21:26:56','2017-11-16 21:26:56'),(11,61,62,2,1,1,1,1,'2017-11-17 07:24:16','2017-11-17 07:24:16'),(12,63,64,2,1,1,1,1,'2017-11-17 07:26:13','2017-11-17 07:26:13'),(13,65,66,2,4,1,1,1,'2017-11-17 07:33:45','2017-11-17 07:33:45'),(14,67,68,2,4,1,1,1,'2017-11-17 07:38:24','2017-11-17 07:38:24'),(15,69,70,2,4,1,1,1,'2017-11-17 07:44:04','2017-11-17 07:44:04'),(16,71,72,2,1,1,1,1,'2017-11-17 07:47:41','2017-11-17 07:47:41'),(17,73,74,2,1,1,1,1,'2017-11-17 07:49:25','2017-11-17 07:49:25'),(18,75,76,4,2,1,1,1,'2017-11-17 07:50:53','2017-11-17 07:50:53'),(19,77,78,4,2,1,1,1,'2017-11-17 07:54:02','2017-11-17 07:54:02'),(20,79,80,1,2,1,1,1,'2017-11-17 08:09:02','2017-11-17 08:09:02'),(21,81,82,2,4,1,1,1,'2017-11-17 08:19:13','2017-11-17 08:19:13'),(22,83,84,1,2,1,1,1,'2017-11-17 09:47:03','2017-11-17 09:47:03'),(23,85,86,1,2,1,1,1,'2017-11-17 09:52:10','2017-11-17 09:52:10'),(24,87,88,1,2,1,1,1,'2017-11-17 09:54:40','2017-11-17 09:54:40'),(25,89,90,1,2,1,1,1,'2017-11-17 09:56:03','2017-11-17 09:56:03'),(26,91,92,1,2,1,1,1,'2017-11-17 09:57:15','2017-11-17 09:57:15'),(27,93,94,4,2,1,1,1,'2017-11-17 10:01:40','2017-11-17 10:01:40'),(28,95,96,4,2,1,1,1,'2017-11-17 10:03:36','2017-11-17 10:03:36'),(29,97,98,4,2,1,1,1,'2017-11-17 10:05:54','2017-11-17 10:05:54'),(30,99,100,4,2,1,1,1,'2017-11-17 10:08:09','2017-11-17 10:08:09'),(31,101,102,4,2,1,1,1,'2017-11-17 10:14:03','2017-11-17 10:14:03'),(32,103,104,4,2,1,1,1,'2017-11-17 10:20:13','2017-11-17 10:20:13'),(33,105,106,2,4,1,1,1,'2017-11-17 10:34:59','2017-11-17 10:34:59'),(34,107,108,2,4,1,1,1,'2017-11-17 10:38:04','2017-11-17 10:38:04'),(35,109,110,4,2,1,1,1,'2017-11-17 10:44:24','2017-11-17 10:44:24'),(36,111,112,4,2,1,1,1,'2017-11-17 10:47:38','2017-11-17 10:47:38'),(37,113,114,4,2,1,1,1,'2017-11-17 10:50:00','2017-11-17 10:50:00'),(38,115,116,4,2,1,1,1,'2017-11-17 10:55:15','2017-11-17 10:55:15'),(39,117,118,2,4,1,1,1,'2017-11-17 11:00:01','2017-11-17 11:00:01'),(40,119,120,4,2,1,1,1,'2017-11-17 11:09:00','2017-11-17 11:09:00'),(41,121,122,2,4,1,1,1,'2017-11-17 11:12:11','2017-11-17 11:12:11'),(42,123,124,2,4,1,1,1,'2017-11-17 11:17:12','2017-11-17 11:17:12'),(43,125,126,2,4,1,1,1,'2017-11-17 11:30:27','2017-11-17 11:30:27'),(44,127,128,4,2,1,1,1,'2017-11-17 11:32:50','2017-11-17 11:32:50'),(45,129,130,2,4,1,1,1,'2017-11-17 11:36:46','2017-11-17 11:36:46'),(46,131,132,4,2,1,1,1,'2017-11-17 11:41:07','2017-11-17 11:41:07'),(47,133,134,4,2,1,1,1,'2017-11-17 11:44:32','2017-11-17 11:44:32'),(48,135,136,4,2,1,1,1,'2017-11-17 11:48:34','2017-11-17 11:48:34'),(49,137,138,2,4,1,1,1,'2017-11-17 11:58:26','2017-11-17 11:58:26'),(50,139,140,4,2,1,1,1,'2017-11-17 12:14:54','2017-11-17 12:14:54'),(51,141,142,4,2,1,1,1,'2017-11-17 12:16:05','2017-11-17 12:16:05'),(52,143,144,4,2,1,1,1,'2017-11-17 12:20:26','2017-11-17 12:20:26'),(53,145,146,2,1,1,1,1,'2017-11-17 12:50:12','2017-11-17 12:50:12'),(54,147,148,2,1,1,1,1,'2017-11-17 12:52:22','2017-11-17 12:52:22'),(55,149,150,4,2,1,1,1,'2017-11-17 12:55:25','2017-11-17 12:55:25'),(56,151,152,2,4,1,1,1,'2017-11-17 16:18:50','2017-11-17 16:18:50'),(57,153,154,2,4,1,1,1,'2017-11-17 16:26:47','2017-11-17 16:26:47'),(58,155,156,4,2,1,1,1,'2017-11-17 16:37:23','2017-11-17 16:37:23'),(59,157,158,4,2,1,1,1,'2017-11-17 16:39:28','2017-11-17 16:39:28'),(60,159,160,2,4,1,1,1,'2017-11-17 16:46:11','2017-11-17 16:46:11'),(61,161,162,2,4,1,1,1,'2017-11-17 16:50:08','2017-11-17 16:50:08'),(62,163,164,2,4,1,1,1,'2017-11-17 16:51:26','2017-11-17 16:51:26'),(63,165,166,4,2,1,1,1,'2017-11-17 17:09:21','2017-11-17 17:09:21'),(64,167,168,2,1,1,1,1,'2017-11-17 17:19:34','2017-11-17 17:19:34'),(65,169,170,2,4,1,1,1,'2017-11-17 17:21:36','2017-11-17 17:21:36'),(66,171,172,4,2,1,1,1,'2017-11-17 17:27:30','2017-11-17 17:27:30'),(67,173,174,4,2,1,1,1,'2017-11-17 17:32:18','2017-11-17 17:32:18'),(68,175,176,2,4,1,1,1,'2017-11-17 17:41:58','2017-11-17 17:41:58'),(69,177,178,4,2,1,1,1,'2017-11-17 17:45:26','2017-11-17 17:45:26'),(70,179,180,2,4,1,1,1,'2017-11-17 17:47:58','2017-11-17 17:47:58'),(71,181,182,4,2,1,1,1,'2017-11-17 18:05:08','2017-11-17 18:05:08'),(72,183,184,4,2,1,1,1,'2017-11-17 18:06:49','2017-11-17 18:06:49'),(73,185,186,4,2,1,1,1,'2017-11-17 18:10:27','2017-11-17 18:10:27'),(74,187,188,4,2,1,1,1,'2017-11-17 18:14:13','2017-11-17 18:14:13'),(75,189,190,4,2,1,1,1,'2017-11-17 20:14:36','2017-11-17 20:14:36'),(76,191,192,4,2,2,1,1,'2017-11-17 20:24:06','2017-11-17 20:24:13'),(77,193,194,4,2,2,1,1,'2017-11-17 20:24:40','2017-11-17 20:25:16'),(78,195,196,4,2,2,1,1,'2017-11-17 20:27:08','2017-11-17 20:27:12'),(79,197,198,4,2,2,1,1,'2017-11-17 20:27:17','2017-11-17 20:27:34'),(80,199,200,4,2,1,1,1,'2017-11-17 20:28:43','2017-11-17 20:28:47'),(81,201,202,2,4,1,1,1,'2017-11-17 20:37:45','2017-11-17 20:37:58'),(82,203,204,4,2,1,1,1,'2017-11-17 20:44:25','2017-11-17 20:46:53'),(83,205,206,4,2,1,1,1,'2017-11-17 20:49:46','2017-11-17 20:50:05'),(84,207,208,2,4,1,1,1,'2017-11-17 20:50:29','2017-11-17 20:50:47'),(85,209,210,2,4,1,1,1,'2017-11-17 20:50:51','2017-11-17 20:51:00'),(86,211,212,4,2,1,1,1,'2017-11-17 20:58:24','2017-11-17 20:58:34'),(87,213,214,4,2,1,1,1,'2017-11-17 21:02:04','2017-11-17 21:02:30'),(88,215,216,2,4,1,1,1,'2017-11-17 21:05:41','2017-11-17 21:05:43'),(89,217,218,2,4,1,1,1,'2017-11-18 06:54:46','2017-11-18 06:54:55'),(90,219,220,2,4,2,1,1,'2017-11-18 07:38:49','2017-11-18 07:38:51'),(91,221,222,2,4,2,1,1,'2017-11-18 07:42:16','2017-11-18 07:42:17'),(92,223,224,4,2,2,1,1,'2017-11-18 07:44:13','2017-11-18 07:44:15'),(93,225,226,4,2,1,1,1,'2017-11-18 07:46:34','2017-11-18 07:46:40');
/*!40000 ALTER TABLE `versusmodes` ENABLE KEYS */;
UNLOCK TABLES;
/*!40103 SET TIME_ZONE=@OLD_TIME_ZONE */;

/*!40101 SET SQL_MODE=@OLD_SQL_MODE */;
/*!40014 SET FOREIGN_KEY_CHECKS=@OLD_FOREIGN_KEY_CHECKS */;
/*!40014 SET UNIQUE_CHECKS=@OLD_UNIQUE_CHECKS */;
/*!40101 SET CHARACTER_SET_CLIENT=@OLD_CHARACTER_SET_CLIENT */;
/*!40101 SET CHARACTER_SET_RESULTS=@OLD_CHARACTER_SET_RESULTS */;
/*!40101 SET COLLATION_CONNECTION=@OLD_COLLATION_CONNECTION */;
/*!40111 SET SQL_NOTES=@OLD_SQL_NOTES */;

-- Dump completed on 2017-11-18  7:51:40
